-- Insertion de données dans la table categorie
INSERT INTO categorie (id, libelle) VALUES 
(1, 'Roman'), 
(2, 'Science-fiction'), 
(3, 'Mystère'), 
(4, 'Fantasy'), 
(5, 'Jeunesse'), 
(6, 'Policier'), 
(7, 'Manga');

-- Insertion de données dans la table adherent
INSERT INTO adherent (num_adherent, nom, prenom, mail, date_inscription, user_login, user_mdp) 
VALUES 
(1, 'Doe', 'John', 'john.doe@email.com', '2023-01-15', 'jdoe', SHA2('jdoe', 256)), 
(2, 'Smith', 'Alice', 'alice.smith@email.com', '2023-02-20', 'asmith', SHA2('asmith', 256)), 
(3, 'Johnson', 'Bob', 'bob.johnson@email.com', '2023-03-10', 'bjohnson', SHA2('bjohnson', 256)), 
(4, 'Worms', 'Loric', 'loric.worms@email.com', '2024-02-25', 'lworms', SHA2('lworms', 256)), 
(5, 'Tribaleau', 'Titouan', 'titouan.tribaleau@email.com', '2024-02-25', 'ttribaleau', SHA2('ttribaleau', 256));


-- Insertion de données dans la table livre
INSERT INTO `livre` (`ref`, `iban`, `titre`, `auteur`, `langue`, `annee`, `id_cat`, `photo`, `descrip`) VALUES
(102, 'XYZ456', 'Dune 1', 'Frank Herbert', 'Anglais', 1965, 2, 'Dune_1.png', 'Dune raconte l\'histoire d\'une planète désertique, Arrakis, où une famille noble, les Atreides, prend le contrôle. Là, ils découvrent des secrets et des dangers, y compris une substance précieuse appelée l\'épice. Le jeune Paul Atreides doit faire face à des défis, des intrigues et des mystères dans cet environnement hostile.'),
(121, 'XYZ457', 'Dune 2', 'Frank Herbert', 'Anglais', 1965, 2, 'Dune_2_Le_Messie_de_Dune.png', 'Dune Messiah est la suite du roman Dune. L\'histoire se déroule plusieurs années après les événements du premier livre et suit Paul Muad\'Dib, maintenant empereur de l\'univers, dans son règne sur la galaxie. Paul doit faire face à de nouveaux défis politiques, religieux et personnels alors que son pouvoir est contesté et que des complots se trament contre lui.'),
(122, 'XYZ458', 'Dune 3', 'Frank Herbert', 'Anglais', 1965, 2, 'Dune_3_Les_enfants_de_Dune.png', 'Les Enfants de Dune est la troisième partie de la série Dune. L\'histoire se concentre sur les enfants de Paul Atreides, Leto II et Ghanima, qui sont maintenant confrontés aux conséquences du règne de leur père sur l\'univers. Ils doivent naviguer à travers des intrigues politiques et des machinations, tout en affrontant les défis de leur héritage familial et de leur destin.'),
(123, 'XYZ459', 'Dune 4', 'Frank Herbert', 'Anglais', 1965, 2, 'Dune_4_L_empereur_dieu_de_Dune.png', 'L\'Empereur Dieu de Dune est le quatrième livre de la série. L\'histoire se déroule plusieurs années après les événements du troisième livre et suit les conséquences du règne de Paul Muad Dib en tant qu\'empereur. Le livre explore les ramifications politiques, sociales et religieuses de son règne, ainsi que les défis auxquels sa famille et son empire sont confrontés.'),
(124, 'XYZ460', 'Dune 5', 'Frank Herbert', 'Anglais', 1965, 2, 'Dune_5_Les_hérétiques_de_dune.png', 'Les Hérétiques de Dune est le cinquième livre de la série. L\'histoire se déroule des millénaires après les événements des premiers livres et suit les changements politiques et sociaux sur la planète Arrakis. Le livre explore les tensions entre différentes factions politiques et religieuses, ainsi que les efforts pour préserver la stabilité de l\'univers dans un contexte de changement et de transformation.'),
(103, 'DEF789', 'Sherlock Holmes 1', 'Arthur Conan Doyle', 'Anglais', 1887, 3, 'Sherlock_Holmes_affaire_du_ticket_scandaleux_1.png', 'Un simple diagnostic médical du Dr Watson se révèle être bien plus que cela… La découverte d une poudre mystérieuse sur des vêtements et d un ticket de spectacle très particulier amène Sherlock Holmes à penser que le patient n\'est pas l unique victime d\'un complot de grande ampleur.'),
(104, 'DEF790', 'Sherlock Holmes 2', 'Arthur Conan Doyle', 'Anglais', 1887, 3, 'Sherlock_Holmes_affaire_du_ticket_scandaleux_2.png', 'Alors que Sherlock Holmes et le Dr Watson sont sur la piste du magicien chinois Wu-Jing, le ministre des Colonies Britanniques est à son tour visé.'),
(107, 'RR001', 'Percy Jackson et le voleur de foudre', 'Rick Riordan', 'Français', 2005, 5, 'Percy_Jackson_et_les_Olympiens_T1_Le_Voleur_de_foudre.png', 'Percy Jackson découvre qu il est le fils de Poséidon, le dieu grec de la mer. Lorsque la foudre de Zeus est volée et Percy est accusé du crime, il entreprend un voyage avec ses amis pour retrouver l éclair manquant et prouver son innocence. Au cours de cette quête, Percy affronte des monstres mythologiques, découvre des secrets sur sa propre histoire et se lance dans une aventure épique pour sauver le monde des dieux grecs en colère.'),
(110, 'SC001', 'Hunger Games', 'Suzanne Collins', 'Anglais', 2008, 1,  'Hunger_Games_Tome_01.png', 'Hunger Games se déroule dans un futur dystopique où les districts opprimés de Panem sont contraints de participer à des jeux télévisés mortels. Chaque année, un garçon et une fille de chaque district sont choisis pour s affronter dans une arène jusqu à ce qu un seul survivant reste. L \'histoire suit Katniss Everdeen, une jeune fille du District 12, qui se porte volontaire pour les jeux afin de sauver sa sœur. Dans l arène, elle doit lutter pour sa survie tout en remettant en question le régime oppressif du Capitole.'),
(111, 'SC002', 'Hunger Games 2', 'Suzanne Collins', 'Anglais', 2009, 1, 'Hunger_Games_Tome_02_L_Embrasement.png', 'Dans Hunger Games 2 : L\'Embrasement, la suite de Hunger Games, Katniss Everdeen et Peeta Mellark sont de retour chez eux après avoir remporté les 74e Jeux de la Faim. Cependant, leur victoire n a fait qu attiser les flammes de la rébellion dans les districts opprimés de Panem. Alors que les tensions politiques s intensifient, Katniss et Peeta sont forcés de participer au Tribut des Vainqueurs, une édition spéciale des Jeux de la Faim qui présente les anciens vainqueurs des jeux. Dans cette arène mortelle, Katniss doit faire face à de nouveaux défis et à des choix déchirants pour survivre et lutter contre l oppression du Capitole.'),
(112, 'SC003', 'Hunger Games 3', 'Suzanne Collins', 'Anglais', 2010, 1, 'Hunger_Games_Tome_03_La_Révolte.png', 'Hunger Games 3 : La Révolte conclut la trilogie en suivant Katniss Everdeen alors qu elle devient le symbole de la rébellion contre le Capitole. Le District 13, autrefois caché, se révèle et organise la lutte contre la tyrannie. Katniss doit naviguer à travers des alliances fragiles, des choix moraux difficiles et des batailles intenses alors que la révolte éclate à travers Panem. Ce roman explore les thèmes de la justice, du sacrifice et de la résilience dans une lutte pour la liberté.'),
(113, 'HP001', 'Harry Potter à l ecole des sorciers', 'J.K. Rowling', 'Anglais', 1997, 4, 'Harry_Potter_à_l_Ecole_des_Sorciers.png', 'Dans Harry Potter à l École des Sorciers, le premier livre de la série, nous suivons Harry Potter, un jeune orphelin élevé par des parents adoptifs cruels, qui découvre qu il est un sorcier. Il est invité à rejoindre l école de sorcellerie Poudlard, où il apprend l art de la magie, se fait des amis et découvre des secrets sur son passé et sur le monde des sorciers.'),
(114, 'HP002', 'Harry Potter et la Chambre des secrets', 'J.K. Rowling', 'Anglais', 1998, 4, 'Harry_Potter_et_la_Chambr_des_Secrets.png', 'Dans Harry Potter et la Chambre des Secrets, le deuxième livre de la série, Harry Potter retourne à Poudlard pour sa deuxième année d études de sorcellerie.'),
(115, 'HP003', 'Harry Potter et le Prisonnier d Azkaban', 'J.K. Rowling', 'Anglais', 1999, 4, 'Harry_Potter_et_le_Prisonnier_d_Azkaban.png', 'Dans Harry Potter et le Prisonnier d\'Azkaban, le troisième livre de la série, Harry Potter retourne à l école de sorcellerie de Poudlard pour sa troisième année. L histoire tourne autour de l évasion du célèbre sorcier criminel Sirius Black, qui est censé être après Harry. Alors que Harry apprend la vérité sur son passé et sur ses parents, il doit également faire face à de nouveaux défis magiques et à des dangers plus grands que jamais auparavant.'),
(116, 'HP004', 'Harry Potter et la Coupe de Feu', 'J.K. Rowling', 'Anglais', 2000, 4, 'Harry_Potter_et_la_Coupe_de_Feu.png', 'Dans Harry Potter et la Coupe de Feu, le quatrième livre de la série, l histoire se déroule lors du Tournoi des Trois Sorciers, où des écoles de magie concurrentes s affrontent. Harry Potter est mystérieusement sélectionné pour participer, malgré l âge requis. Alors qu il se prépare pour les épreuves dangereuses, des événements sinistres se déroulent autour de lui, l amenant à découvrir des secrets sombres et à affronter des défis mortels.'),
(117, 'HP005', 'Harry Potter et le Prince de Sang-Mêlé', 'J.K. Rowling', 'Anglais', 2005, 4, 'Harry_Potter_et_le_Prince_de_Sang-Mêlé.png', 'Dans \"Harry Potter et le Prince de Sang-Mêlé\", le sixième livre de la série, Harry Potter et ses amis retournent à Poudlard pour leur sixième année. Le livre explore les secrets du passé de Lord Voldemort à travers les souvenirs que le professeur Dumbledore partage avec Harry. Pendant ce temps, une menace grandit à Poudlard alors que les forces des ténèbres se rassemblent, mettant Harry et ses amis au défi de découvrir la vérité et de se préparer à affronter leur destin.'),
(118, 'HP006', 'Harry Potter et les Reliques de la Mort', 'J.K. Rowling', 'Anglais', 2007, 4, 'Harry_Potter_et_les_Reliques_de_la_Mort.png', 'Dans Harry Potter et les Reliques de la Mort, le septième et dernier tome de la série, Harry Potter et ses amis Hermione Granger et Ron Weasley poursuivent leur quête pour détruire les Horcruxes, des objets qui renferment une partie de l âme de Lord Voldemort. Leur mission les conduit à des découvertes surprenantes, des alliances inattendues et des sacrifices dans leur lutte finale contre les forces du mal.'),
(119, 'LEDMDD', 'L ecole des massacreurs de dragons', 'Kate McMullan', 'Français', 2014, 5, 'L_ecole_des_massacreurs_de_dragons.jpg', 'Martyrisé par ses frères et exploité par ses parents, le jeune Wiglaf passe son temps à récurer les gamelles et à nourrir les cochons. Mais une affiche placardée sur l arbre à messages du village va changer sa vie. Il va entrer à l École des Massacreurs de Dragons ! Le problème, c est que Wiglaf ne supporte pas d écraser une araignée... Poussez les portes de l École des Massacreurs de Dragons, la célèbre école qui transforme tous les apprentis lecteurs en apprentis massacreurs…'),
(126, 'LMN789', 'Les Disparus de Blackmore', 'Jane Doe', 'Français', 2024, 6, 'Les_Disparus_de_Blackmore.png', 'Les Disparus de Blackmore est un roman captivant qui plonge les lecteurs dans une atmosphère de mystère et de suspense. L\'histoire se déroule dans la paisible ville de Blackmore, où plusieurs résidents ont mystérieusement disparu sans laisser de traces. L\'enquêteur amateur, Sarah Holmes, décide de mener sa propre investigation pour élucider ces étranges disparitions. Au fil de ses recherches, elle découvre des secrets enfouis, des indices troublants et des personnages énigmatiques. Entre rebondissements inattendus et tension croissante, Les Disparus de Blackmore promet une plongée palpitante dans l\'univers du mystère et de l\'intrigue.'),
(120, 'OP0002', 'One Piece - Tome 2', 'Eiichiro Oda', 'Français', 1998, 7, 'One_Piece_Tome_2.png', 'One Piece raconte les aventures d une bande de pirates, menée par le capitaine Monkey D. Luffy (qui a pour ambition de devenir le roi des pirates) et lancée à la recherche du trésor, nommé One Piece, du légendaire roi des pirates Gold Roger, mort sans avoir révélé l emplacement de son butin.'),
(125, 'ABC123', 'Voyage au centre de la terre', 'Jules Verne', 'Français', 1960, 1, 'Voyage_au_centre_de_la_Terre.png', 'Voyage au centre de la Terre est un célèbre roman d''aventure de science-fiction écrit par Jules Verne. L''histoire suit les aventures du professeur Otto Lidenbrock, de son neveu Axel et de leur guide Hans, alors qu''ils entreprennent un voyage audacieux vers le centre de la Terre en suivant un chemin à travers un volcan islandais. Ils découvrent un monde souterrain étonnant, peuplé de créatures préhistoriques et de paysages extraordinaires. Le récit est une combinaison captivante d''exploration, de suspense et d''imagination scientifique, offrant aux lecteurs un voyage inoubliable dans les profondeurs mystérieuses de la Terre.');
COMMIT;

-- Insertion de données dans la table emprunt
INSERT INTO emprunt (ref, date_deb, date_fin, num_adherent)
VALUES
(118, '2023-03-01', '2023-03-15', 1),
(102, '2023-02-10', '2023-02-28', 2),
(112, '2023-01-20', '2023-02-10', 3),
(107, '2023-03-01', '2023-03-15', 1),
(124, '2023-02-10', '2023-02-28', 2),
(116, '2023-01-20', '2023-02-10', 3),
(102, '2023-02-10', '2023-02-28', 2),
(102, '2023-02-10', '2023-02-28', 2),
(102, '2023-02-10', '2023-02-28', 2),
(102, '2023-02-10', '2023-02-28', 2),
(102, '2023-02-10', '2023-02-28', 2);