<?xml version="1.0" encoding="UTF-8"?>
<project-private xmlns="http://www.netbeans.org/ns/project-private/1">
    <editor-bookmarks xmlns="http://www.netbeans.org/ns/editor-bookmarks/2" lastBookmarkId="0"/>
    <open-files xmlns="http://www.netbeans.org/ns/projectui-open-files/2">
        <group>
            <file>file:/C:/Users/anais/Downloads/V30-20240410T133910Z-001/bibliocat/back-office.php</file>
            <file>file:/C:/Users/anais/Downloads/V30-20240410T133910Z-001/bibliocat/gestionCatégorie.php</file>
        </group>
    </open-files>
</project-private>
